{"cameraMode":{"drawMode":0,"name":"Shaded","section":"Shading Mode"},"sceneLighting":false,"audioPlay":false,"sceneViewState":{"m_AlwaysRefresh":true,"showFog":true,"showSkybox":false,"showFlares":true,"showImageEffects":true,"showParticleSystems":true,"showVisualEffectGraphs":true,"m_FxEnabled":true},"in2DMode":false,"pivot":{"x":4.465637683868408,"y":4.364843368530273,"z":4.371430397033691},"rotation":{"x":-0.006291019730269909,"y":0.9870492815971375,"z":-0.1552414745092392,"w":-0.039998020976781848},"size":2.9670796394348146,"orthographic":false}