{"cameraMode":{"drawMode":0,"name":"Shaded","section":"Shading Mode"},"sceneLighting":true,"audioPlay":false,"sceneViewState":{"m_AlwaysRefresh":true,"showFog":true,"showSkybox":true,"showFlares":true,"showImageEffects":true,"showParticleSystems":true,"showVisualEffectGraphs":true,"m_FxEnabled":true},"in2DMode":false,"pivot":{"x":-6.043922424316406,"y":5.356941223144531,"z":3.159147262573242},"rotation":{"x":0.24838274717330934,"y":0.38474705815315249,"z":-0.10860021412372589,"w":0.8824096322059631},"size":25.839567184448243,"orthographic":false}