{"cameraMode":{"drawMode":0,"name":"Shaded","section":"Shading Mode"},"sceneLighting":true,"audioPlay":false,"sceneViewState":{"m_AlwaysRefresh":true,"showFog":true,"showSkybox":true,"showFlares":true,"showImageEffects":true,"showParticleSystems":true,"showVisualEffectGraphs":true,"m_FxEnabled":true},"in2DMode":false,"pivot":{"x":0.7991628646850586,"y":0.005845427513122559,"z":-5.008756637573242},"rotation":{"x":-0.008462785743176937,"y":0.9906553626060486,"z":-0.11493219435214997,"w":-0.07294459640979767},"size":4.806618690490723,"orthographic":false}